มะนาว,20,2,อาทิตย์-2021-07-18 19:42:11
มะม่วง,20,2,อาทิตย์-2021-07-18 19:42:54
มะม่วงหาวมะนาวโห่,20,8,อาทิตย์-2021-07-18 19:43:08
มะม่วง,20,2,40.0,อาทิตย์-2021-07-18 23:05:48
มังคุด,20,3,60.0,อาทิตย์-2021-07-18 23:24:39
มังเเคท,20,60,1200.0,อาทิตย์-2021-07-18 23:28:38
ดกาืเหดกาหก,20,1,20.0,อาทิตย์-2021-07-18 23:29:11
าก่ดิืหสาก่ิ,20,3,60.0,อาทิตย์-2021-07-18 23:29:45
มะนาว,20,2,40.0,อาทิตย์-2021-07-18 23:39:41
เเมงโก้,20,2,40.0,อาทิตย์-2021-07-18 23:40:01
มะนาว,20,2,40.0,อาทิตย์-2021-07-18 23:42:49
มะนาว,20,2,40.0,อาทิตย์-2021-07-18 23:56:33
มะนาว,20,2,40.0,จันทร์-2021-07-19 00:03:21
มะม่วงงงงงงงงงงง,20,50,1000.0,จันทร์-2021-07-19 00:03:32
สับปะรด,20,699,13980.0,จันทร์-2021-07-19 00:07:55
